Workbook

Sheet Contratti Post Rinnovo
A1: ORDINE RUBATA | B1: Manager | C1: Team Fantasy | D1: Giocatore | E1: Ruolo | F1: Squadra | G1: Ingaggio | H1: Durata | I1: Clausola | K1: Manager | L1: Totale ingaggi
A2: 5 | B2: pietro1412 | C2: AC TUA | D2: De Gea | E2: P | F2: Fiorentina | G2: 8 | H2: 3 | I2: 72 | K2: {=_xlfn.UNIQUE(B2:B1000)} -> pietro1412 | L2: =SUMIF(B:B, K2, G:G) -> 136
A3: 5 | B3: pietro1412 | C3: AC TUA | D3: Provedel | E3: P | F3: Lazio | G3: 4 | H3: 4 | I3: 44 | K3: Emmanuele | L3: =SUMIF(B:B, K3, G:G) -> 129
A4: 5 | B4: pietro1412 | C4: AC TUA | D4: Biraghi | E4: D | F4: Torino | G4: 1 | H4: 1 | I4: 4 | K4: Marcolino | L4: =SUMIF(B:B, K4, G:G) -> 159
A5: 5 | B5: pietro1412 | C5: AC TUA | D5: Buongiorno | E5: D | F5: Napoli | G5: 7 | H5: 4 | I5: 77 | K5: Diego | L5: =SUMIF(B:B, K5, G:G) -> 138
A6: 5 | B6: pietro1412 | C6: AC TUA | D6: Di Lorenzo | E6: D | F6: Napoli | G6: 6 | H6: 4 | I6: 66 | K6: Mirko | L6: =SUMIF(B:B, K6, G:G) -> 154
A7: 5 | B7: pietro1412 | C7: AC TUA | D7: Floriani Mussolini | E7: D | F7: Cremonese | G7: 1 | H7: 2 | I7: 7 | K7: Marco | L7: =SUMIF(B:B, K7, G:G) -> 167
A8: 5 | B8: pietro1412 | C8: AC TUA | D8: Gabbia | E8: D | F8: Milan | G8: 2 | H8: 4 | I8: 22 | K8: Emiliano | L8: =SUMIF(B:B, K8, G:G) -> 155
A9: 5 | B9: pietro1412 | C9: AC TUA | D9: Ghilardi | E9: D | F9: Roma | G9: 2 | H9: 4 | I9: 22 | K9: Michele | L9: =SUMIF(B:B, K9, G:G) -> 101
A10: 5 | B10: pietro1412 | C10: AC TUA | D10: Gila | E10: D | F10: Lazio | G10: 5 | H10: 4 | I10: 55 | K10: 0
A11: 5 | B11: pietro1412 | C11: AC TUA | D11: Gosens | E11: D | F11: Fiorentina | G11: 3 | H11: 2 | I11: 21
A12: 5 | B12: pietro1412 | C12: AC TUA | D12: Marusic | E12: D | F12: Lazio | G12: 1 | H12: 2 | I12: 7
A13: 5 | B13: pietro1412 | C13: AC TUA | D13: Provstgaard | E13: D | F13: Lazio | G13: 2 | H13: 2 | I13: 14
A14: 5 | B14: pietro1412 | C14: AC TUA | D14: Brescianini | E14: C | F14: Fiorentina | G14: 2 | H14: 3 | I14: 18
A15: 5 | B15: pietro1412 | C15: AC TUA | D15: Casadei | E15: C | F15: Torino | G15: 4 | H15: 3 | I15: 36
A16: 5 | B16: pietro1412 | C16: AC TUA | D16: Conceicao | E16: C | F16: Juventus | G16: 9 | H16: 4 | I16: 99
A17: 5 | B17: pietro1412 | C17: AC TUA | D17: Fazzini | E17: C | F17: Fiorentina | G17: 2 | H17: 2 | I17: 14
A18: 5 | B18: pietro1412 | C18: AC TUA | D18: Isaksen | E18: C | F18: Lazio | G18: 6 | H18: 4 | I18: 66
A19: 5 | B19: pietro1412 | C19: AC TUA | D19: Lobotka | E19: C | F19: Napoli | G19: 1 | H19: 2 | I19: 7
A20: 5 | B20: pietro1412 | C20: AC TUA | D20: Musah | E20: C | F20: Atalanta | G20: 1 | H20: 2 | I20: 7
A21: 5 | B21: pietro1412 | C21: AC TUA | D21: Oristanio | E21: C | F21: Parma | G21: 3 | H21: 2 | I21: 21
A22: 5 | B22: pietro1412 | C22: AC TUA | D22: Rovella | E22: C | F22: Lazio | G22: 1 | H22: 2 | I22: 7
... A229: 1 | B229: Michele | C229: RUGGERI | D229: Vlahovic | E229: A | F229: Juventus | G229: 10 | H229: 4 | I229: 110

Sheet Tagli Volontari
A1: Manager | B1: Team Fantasy | C1: Giocatore | D1: Ingaggio | E1: Durata | F1: Costo Taglio
A2: Emmanuele | B2: ARCIONIA | C2: Gollini | D2: 1 | E2: 1 | F2: =ROUND(D2*E2/2,0) -> 1 | I2: Manager | J2: Tagli
A3: Emmanuele | B3: ARCIONIA | C3: Israel | D3: 1 | E3: 1 | F3: =ROUND(D3*E3/2,0) -> 1 | I3: Emmanuele | J3: =SUMIF(A:A,I3, F:F) -> 4
A4: Emmanuele | B4: ARCIONIA | C4: Romagnoli | D4: 1 | E4: 2 | F4: =ROUND(D4*E4/2,0) -> 1 | I4: Marcolino | J4: =SUMIF(A:A,I4, F:F) -> 6
A5: Emmanuele | B5: ARCIONIA | C5: Turati | D5: 1 | E5: 1 | F5: =ROUND(D5*E5/2,0) -> 1 | I5: Diego | J5: =SUMIF(A:A,I5, F:F) -> 6
A6: Marcolino | B6: COSTA | C6: Belotti | D6: 1 | E6: 2 | F6: =ROUND(D6*E6/2,0) -> 1 | I6: Mirko | J6: =SUMIF(A:A,I6, F:F) -> 6
A7: Marcolino | B7: COSTA | C7: Djuric | D7: 1 | E7: 1 | F7: =ROUND(D7*E7/2,0) -> 1 | I7: Marco | J7: =SUMIF(A:A,I7, F:F) -> 3
A8: Marcolino | B8: COSTA | C8: Dossena | D8: 3 | E8: 1 | F8: =ROUND(D8*E8/2,0) -> 2 | I8: Emiliano | J8: =SUMIF(A:A,I8, F:F) -> 3
A9: Marcolino | B9: COSTA | C9: Milik | D9: 2 | E9: 2 | F9: =ROUND(D9*E9/2,0) -> 2 | I9: pietro1412 | J9: =SUMIF(A:A,I9, F:F) -> 0
A10: Diego | B10: DIIIGHE | C10: Angori | D10: 1 | E10: 2 | F10: =ROUND(D10*E10/2,0) -> 1 | I10: Michele | J10: =SUMIF(A:A,I10, F:F) -> 0
A11: Diego | B11: DIIIGHE | C11: Elmas | D11: 2 | E11: 2 | F11: =ROUND(D11*E11/2,0) -> 2
A12: Diego | B12: DIIIGHE | C12: Fofana Y. | D12: 2 | E12: 2 | F12: =ROUND(D12*E12/2,0) -> 2
A13: Diego | B13: DIIIGHE | C13: Ricci S. | D13: 1 | E13: 2 | F13: =ROUND(D13*E13/2,0) -> 1
A14: Mirko | B14: DINAMO BIRRETTA | C14: De Roon | D14: 1 | E14: 1 | F14: =ROUND(D14*E14/2,0) -> 1
A15: Mirko | B15: DINAMO BIRRETTA | C15: Doig | D15: 1 | E15: 2 | F15: =ROUND(D15*E15/2,0) -> 1
A16: Mirko | B16: DINAMO BIRRETTA | C16: Gaspar K. | D16: 1 | E16: 2 | F16: =ROUND(D16*E16/2,0) -> 1
A17: Mirko | B17: DINAMO BIRRETTA | C17: Nicolussi Caviglia | D17: 1 | E17: 1 | F17: =ROUND(D17*E17/2,0) -> 1
A18: Mirko | B18: DINAMO BIRRETTA | C18: Pobega | D18: 1 | E18: 2 | F18: =ROUND(D18*E18/2,0) -> 1
A19: Mirko | B19: DINAMO BIRRETTA | C19: Stengs | D19: 1 | E19: 2 | F19: =ROUND(D19*E19/2,0) -> 1
A20: Marco | B20: MONTSEGUR | C20: Estupinan | D20: 1 | E20: 2 | F20: =ROUND(D20*E20/2,0) -> 1
A21: Marco | B21: MONTSEGUR | C21: Mazzocchi | D21: 2 | E21: 1 | F21: =ROUND(D21*E21/2,0) -> 1
A22: Marco | B22: MONTSEGUR | C22: Pierotti | D22: 1 | E22: 1 | F22: =ROUND(D22*E22/2,0) -> 1
... A25: Emiliano | B25: PRUZZO | C25: Suzuki | D25: 1 | E25: 2 | F25: =ROUND(D25*E25/2,0) -> 1

Sheet Indennizzati
A1: Manager | B1: Team Fantasy | C1: Giocatore | D1: Ruolo | E1: Squadra | F1: Indennizzo | G1: Motivo | I1: Manager | J1: Totale indennizzi
A2: pietro1412 | B2: AC TUA | C2: Dzeko | D2: A | E2: Fiorentina | F2: 0 | G2: ESTERO | I2: {=_xlfn.UNIQUE(A2:A22)} -> pietro1412 | J2: =SUMIF(A:A,I2, F:F) -> 64
A3: pietro1412 | B3: AC TUA | C3: Guendouzi | D3: C | E3: Lazio | F3: 2 | G3: ESTERO | I3: Emmanuele | J3: =SUMIF(A:A,I3, F:F) -> 6
A4: pietro1412 | B4: AC TUA | C4: Lookman | D4: A | E4: Atalanta | F4: 62 | G4: ESTERO | I4: Marcolino | J4: =SUMIF(A:A,I4, F:F) -> 4
A5: pietro1412 | B5: AC TUA | C5: Mandas | D5: P | E5: Lazio | F5: 0 | G5: ESTERO | I5: Diego | J5: =SUMIF(A:A,I5, F:F) -> 2
A6: Emmanuele | B6: ARCIONIA | C6: Bailey | D6: C | E6: Roma | F6: 0 | G6: ESTERO | I6: Mirko | J6: =SUMIF(A:A,I6, F:F) -> 9
A7: Emmanuele | B7: ARCIONIA | C7: Bravo | D7: A | E7: Udinese | F7: 0 | G7: ESTERO | I7: Marco | J7: =SUMIF(A:A,I7, F:F) -> 97
A8: Emmanuele | B8: ARCIONIA | C8: Immobile | D8: A | E8: Bologna | F8: 4 | G8: ESTERO | I8: Michele | J8: =SUMIF(A:A,I8, F:F) -> 23
A9: Emmanuele | B9: ARCIONIA | C9: Lang | D9: A | E9: Napoli | F9: 2 | G9: ESTERO | I9: Emiliano | J9: =SUMIF(A:A,I9, F:F) -> 0
A10: Marcolino | B10: COSTA | C10: Luvumbo | D10: A | E10: Cagliari | F10: 4 | G10: ESTERO
A11: Diego | B11: DIIIGHE | C11: Vazquez | D11: C | E11: Cremonese | F11: 2 | G11: ESTERO
A12: Mirko | B12: DINAMO BIRRETTA | C12: Carboni V. | D12: C | E12: Genoa | F12: 7 | G12: ESTERO
A13: Mirko | B13: DINAMO BIRRETTA | C13: Cutrone | D13: A | E13: Parma | F13: 0 | G13: RETROCESSO
A14: Mirko | B14: DINAMO BIRRETTA | C14: Hernani | D14: C | E14: Parma | F14: 0 | G14: RETROCESSO
A15: Mirko | B15: DINAMO BIRRETTA | C15: Ngonge | D15: A | E15: Torino | F15: 2 | G15: ESTERO
A16: Mirko | B16: DINAMO BIRRETTA | C16: Troilo | D16: D | E16: Parma | F16: 0 | G16: ESTERO
A17: Marco | B17: MONTSEGUR | C17: Castellanos | D17: A | E17: Lazio | F17: 97 | G17: ESTERO
A18: Marco | B18: MONTSEGUR | C18: Goglichidze | D18: D | E18: Udinese | F18: 0 | G18: ESTERO
A19: Marco | B19: MONTSEGUR | C19: Gronbaek | D19: C | E19: Genoa | F19: 0 | G19: ESTERO
A20: Michele | B20: RUGGERI | C20: Lucca | D20: A | E20: Napoli | F20: 18 | G20: ESTERO
A21: Michele | B21: RUGGERI | C21: Pafundi | D21: C | E21: Sampdoria | F21: 0 | G21: RETROCESSO
A22: Michele | B22: RUGGERI | C22: Posch | D22: D | E22: Como | F22: 5 | G22: ESTERO

Sheet Riepilogo
A1: Manager | B1: Team Fantasy | C1: Contratti Attivi | D1: Somma contratti | E1: Tagli Volontari | F1: Costo Tagli | G1: Indennizzati | H1: Indennizzi Ricevuti | I1: Tot. Ingaggi nuovi
A2: pietro1412 | B2: AC TUA | C2: 28 | D2: =SUM('Contratti Post Rinnovo'!G2:G29) -> 136 | E2: 0 | F2: 0 | G2: 4 | H2: 64 | I2: 136
A3: Emmanuele | B3: ARCIONIA | C3: 29 | D3: =SUM('Contratti Post Rinnovo'!G30:G58) -> 129 | E3: 4 | F3: 4 | G3: 4 | H3: 6 | I3: 129
A4: Marcolino | B4: COSTA | C4: 29 | D4: =SUM('Contratti Post Rinnovo'!G59:G87) -> 159 | E4: 4 | F4: 6 | G4: 1 | H4: 4 | I4: 159 | J4: verificare indennizzo con diego
A5: Diego | B5: DIIIGHE | C5: 29 | D5: =SUM('Contratti Post Rinnovo'!G88:G116) -> 138 | E5: 4 | F5: 6 | G5: 1 | H5: 2 | I5: 138
A6: Mirko | B6: DINAMO BIRRETTA | C6: 29 | D6: =SUM('Contratti Post Rinnovo'!G117:G145) -> 154 | E6: 6 | F6: 6 | G6: 5 | H6: 9 | I6: 154
A7: Marco | B7: MONTSEGUR | C7: 26 | D7: =SUM('Contratti Post Rinnovo'!G146:G171) -> 167 | E7: 3 | F7: 3 | G7: 3 | H7: 97 | I7: 167
A8: Emiliano | B8: PRUZZO | C8: 29 | D8: =SUM('Contratti Post Rinnovo'!G172:G200) -> 155 | E8: 5 | F8: 10 | G8: 0 | H8: 0 | I8: 155
A9: Michele | B9: RUGGERI | C9: 29 | D9: =SUM('Contratti Post Rinnovo'!G201:G229) -> 101 | E9: 0 | F9: 0 | G9: 3 | H9: 23 | I9: 101
A14: Manager | B14: Team Fantasy | C14: Residui | D14: Bonus | E14: Portiere | F14: Disciplina | G14: Punti | H14: Tagli | I14: Scambi | J14: Indennizzi | K14: Contratti | L14: Bilancio
A15: Michele | B15: RUGGERI | C15: 0 | D15: 115 | E15: 5 | F15: 20 | G15: 0 | H15: =_xlfn.XLOOKUP(A15,'Tagli Volontari'!I:I,'Tagli Volontari'!J:J,FALSE) -> 0 | J15: =_xlfn.XLOOKUP(A15,Indennizzati!I:I,Indennizzati!J:J,FALSE) -> 23 | K15: =_xlfn.XLOOKUP(A15,'Contratti Post Rinnovo'!K:K,'Contratti Post Rinnovo'!L:L,FALSE) -> 101 | L15: =C15+D15+E15+F15+G15-H15+I15+J15-K15 -> 62
A16: Diego | B16: DIIIGHE | C16: 0 | D16: 115 | E16: 15 | F16: 5 | G16: 25 | H16: =_xlfn.XLOOKUP(A16,'Tagli Volontari'!I:I,'Tagli Volontari'!J:J,FALSE) -> 6 | I16: 10 | J16: =_xlfn.XLOOKUP(A16,Indennizzati!I:I,Indennizzati!J:J,FALSE) -> 2 | K16: =_xlfn.XLOOKUP(A16,'Contratti Post Rinnovo'!K:K,'Contratti Post Rinnovo'!L:L,FALSE) -> 138 | L16: =C16+D16+E16+F16+G16-H16+I16+J16-K16 -> 28
A17: Marcolino | B17: COSTA | C17: 0 | D17: 115 | E17: 25 | F17: 15 | G17: 15 | H17: =_xlfn.XLOOKUP(A17,'Tagli Volontari'!I:I,'Tagli Volontari'!J:J,FALSE) -> 6 | J17: =_xlfn.XLOOKUP(A17,Indennizzati!I:I,Indennizzati!J:J,FALSE) -> 4 | K17: =_xlfn.XLOOKUP(A17,'Contratti Post Rinnovo'!K:K,'Contratti Post Rinnovo'!L:L,FALSE) -> 159 | L17: =C17+D17+E17+F17+G17-H17+I17+J17-K17 -> 9
A18: Mirko | B18: DINAMO BIRRETTA | C18: 97 | D18: 115 | E18: 25 | F18: 0 | G18: 5 | H18: =_xlfn.XLOOKUP(A18,'Tagli Volontari'!I:I,'Tagli Volontari'!J:J,FALSE) -> 6 | I18: -10 | J18: =_xlfn.XLOOKUP(A18,Indennizzati!I:I,Indennizzati!J:J,FALSE) -> 9 | K18: =_xlfn.XLOOKUP(A18,'Contratti Post Rinnovo'!K:K,'Contratti Post Rinnovo'!L:L,FALSE) -> 154 | L18: =C18+D18+E18+F18+G18-H18+I18+J18-K18 -> 81
A19: pietro1412 | B19: AC TUA | C19: 14 | D19: 115 | E19: 25 | F19: 30 | G19: 10 | H19: =_xlfn.XLOOKUP(A19,'Tagli Volontari'!I:I,'Tagli Volontari'!J:J,FALSE) -> 0 | J19: =_xlfn.XLOOKUP(A19,Indennizzati!I:I,Indennizzati!J:J,FALSE) -> 64 | K19: =_xlfn.XLOOKUP(A19,'Contratti Post Rinnovo'!K:K,'Contratti Post Rinnovo'!L:L,FALSE) -> 136 | L19: =C19+D19+E19+F19+G19-H19+I19+J19-K19 -> 122
A20: Emmanuele | B20: ARCIONIA | C20: 33 | D20: 115 | E20: 35 | F20: 10 | G20: 20 | H20: =_xlfn.XLOOKUP(A20,'Tagli Volontari'!I:I,'Tagli Volontari'!J:J,FALSE) -> 4 | J20: =_xlfn.XLOOKUP(A20,Indennizzati!I:I,Indennizzati!J:J,FALSE) -> 6 | K20: =_xlfn.XLOOKUP(A20,'Contratti Post Rinnovo'!K:K,'Contratti Post Rinnovo'!L:L,FALSE) -> 129 | L20: =C20+D20+E20+F20+G20-H20+I20+J20-K20 -> 86
A21: Emiliano | B21: PRUZZO | C21: 2 | D21: 115 | E21: 10 | F21: 30 | G21: 30 | H21: =_xlfn.XLOOKUP(A21,'Tagli Volontari'!I:I,'Tagli Volontari'!J:J,FALSE) -> 3 | J21: =_xlfn.XLOOKUP(A21,Indennizzati!I:I,Indennizzati!J:J,FALSE) -> 0 | K21: =_xlfn.XLOOKUP(A21,'Contratti Post Rinnovo'!K:K,'Contratti Post Rinnovo'!L:L,FALSE) -> 155 | L21: =C21+D21+E21+F21+G21-H21+I21+J21-K21 -> 29
A22: Marco | B22: MONTSEGUR | C22: 2 | D22: 115 | E22: 0 | F22: 30 | G22: 35 | H22: =_xlfn.XLOOKUP(A22,'Tagli Volontari'!I:I,'Tagli Volontari'!J:J,FALSE) -> 3 | J22: =_xlfn.XLOOKUP(A22,Indennizzati!I:I,Indennizzati!J:J,FALSE) -> 97 | K22: =_xlfn.XLOOKUP(A22,'Contratti Post Rinnovo'!K:K,'Contratti Post Rinnovo'!L:L,FALSE) -> 167 | L22: =C22+D22+E22+F22+G22-H22+I22+J22-K22 -> 109
